<application>
  <component name="VSTSSettings">
    <option name="serverContexts">
      <array>
        <ServerContextState>
          <option name="type" value="VSO" />
          <option name="uri" value="https://WxDev@dev.azure.com/WxDev/wxoa/_git/wxoa" />
          <option name="serverUri" value="https://dev.azure.com/WxDev" />
          <option name="userId" value="4c626fb1-d585-6b27-9647-a1ac8e4b56a0" />
          <option name="teamProjectCollectionReference" value="{&quot;id&quot;:&quot;b525c0c1-fed6-4077-be42-5f850c020b93&quot;,&quot;name&quot;:&quot;WxDev&quot;,&quot;url&quot;:&quot;https://dev.azure.com/WxDev/_apis/projectCollections/b525c0c1-fed6-4077-be42-5f850c020b93&quot;}" />
          <option name="teamProjectReference" value="{&quot;abbreviation&quot;:null,&quot;description&quot;:null,&quot;id&quot;:&quot;885398dd-c5f1-4e79-a8c1-c06827dd33a4&quot;,&quot;name&quot;:&quot;wxoa&quot;,&quot;revision&quot;:11,&quot;state&quot;:&quot;NEW&quot;,&quot;url&quot;:&quot;https://dev.azure.com/WxDev/_apis/projects/885398dd-c5f1-4e79-a8c1-c06827dd33a4&quot;}" />
          <option name="gitRepository" value="{&quot;defaultBranch&quot;:null,&quot;id&quot;:&quot;2de16667-6ce9-494c-adee-8bb9576b8776&quot;,&quot;name&quot;:&quot;wxoa&quot;,&quot;remoteUrl&quot;:&quot;https://WxDev@dev.azure.com/WxDev/wxoa/_git/wxoa&quot;,&quot;url&quot;:&quot;https://dev.azure.com/WxDev/_apis/git/repositories/2de16667-6ce9-494c-adee-8bb9576b8776&quot;,&quot;_links&quot;:null,&quot;project&quot;:{&quot;abbreviation&quot;:null,&quot;description&quot;:null,&quot;id&quot;:&quot;885398dd-c5f1-4e79-a8c1-c06827dd33a4&quot;,&quot;name&quot;:&quot;wxoa&quot;,&quot;revision&quot;:11,&quot;state&quot;:&quot;NEW&quot;,&quot;url&quot;:&quot;https://dev.azure.com/WxDev/_apis/projects/885398dd-c5f1-4e79-a8c1-c06827dd33a4&quot;}}" />
        </ServerContextState>
        <ServerContextState>
          <option name="type" value="VSO" />
          <option name="uri" value="https://dev.azure.com/WxDev" />
          <option name="serverUri" value="https://dev.azure.com/WxDev" />
          <option name="userId" value="4c626fb1-d585-6b27-9647-a1ac8e4b56a0" />
          <option name="teamProjectCollectionReference" value="{&quot;id&quot;:null,&quot;name&quot;:null,&quot;url&quot;:null}" />
          <option name="teamProjectReference" value="{&quot;abbreviation&quot;:null,&quot;description&quot;:null,&quot;id&quot;:null,&quot;name&quot;:null,&quot;revision&quot;:0,&quot;state&quot;:null,&quot;url&quot;:null}" />
        </ServerContextState>
      </array>
    </option>
    <option name="properties">
      <array>
        <PropertyState>
          <option name="name" value="lastContextKey" />
          <option name="value" value="//wxdev@dev.azure.com/wxdev/wxoa/_git/wxoa" />
        </PropertyState>
      </array>
    </option>
  </component>
</application>